Values,Labels
517.398067,F
499.2942105,F
507.5277488,F
522.4503435,F
582.356721,F
579.5584065,F
597.9700571,F
603.7456759,F
2417.93,E
2354.26,E
2038.77,E
2338.16,E
2053.77,E
2083.33,E
2179.39,E
2022.44,E
37.49,\sigma\u209C
37.53,\sigma\u209C
36.5,\sigma\u209C
35.73,\sigma\u209C
37.03,\sigma\u209C
37.03,\sigma\u209C
35.81,\sigma\u209C
35.7,\sigma\u209C
